Title,Video Link,Designation,Blitz Wave
Gemini Magic: From Smart Home Hacks to Creative Canvas Masterpieces,https://drive.google.com/open?id=1KluNxVaagpuGBajxV-aPLiRTLZuJuCWF,Highlighted,Wave 1
Unlocking Creative Brilliance with Gemini Canvas and the Nano Banana Hunt,https://drive.google.com/open?id=1u0_v1FjOAynwS0cH_vTN-kff2nz-VeX8,Highlighted,Wave 1
Unlocking Creativity: Exploring Google Gemini's Game-Changing Canvas Feature,https://drive.google.com/open?id=1un9shx6qb1r5hejoMlrJdF-fjmsEvFem,Highlighted,Wave 1
Unleashing the Magic: How Google Gemini Rewrote My Smart Home Routine,https://drive.google.com/open?id=1PSD2PvYXoH2tUxoV1K9kdmTpXN1jpQKp,Highlighted,Wave 1
Unleashing Gemini: From Backyard Barbecues to Smart Kitchen Hacks,https://drive.google.com/open?id=1dD7PDjqshOh_4-w2cLbuiRUyzt3Pn7nY,Winner!,Wave 1
Unlocking Tomorrow: How Google Gemini Rewrites the Rules of Everyday Magic,https://drive.google.com/open?id=1V8w6gGmiFNtd_4ZN0NkQrvdEaKD89dcf,Winner!,Wave 1
Gemini in Action: From Canvas Masterpieces to Nano Bananas and Beyond,https://drive.google.com/open?id=19hvACWVY5b_ysk50aTTZf5pHGp7xvXT0,Winner!,Wave 1
Gemini Unchained: From Cocktail Napkin Sketches to Fully Functional Apps,https://drive.google.com/open?id=173OXqcnS8nbALF-ohaTa1817LR-BlMZ0,Winner!,Wave 1
Unlocking the Future: Google Gemini Redefines Home Automation and Digital Artistry,https://drive.google.com/open?id=1HiDPo6RA4Vw8vhmljwCYewlp16PEyeeQ,Unuseable,Wave 1
Unleashing Gemini: From Backyard Barbecues to Quantum Coding Masterpieces,https://drive.google.com/open?id=1-y4lyqdWMU_64udbNfKEyCHEKhd1dqyI,Unuseable,Wave 1
Gemini Genius: Unlocking the Ultimate Creative Canvas Hacks,https://drive.google.com/open?id=1srgmUMK5S_8Mm4hHBTmcqG7Q6f2SSP6u,Unuseable,Wave 1
Gemini Unlocked: From Pixel Glow Gestures to Smart Kitchen Revolution,https://drive.google.com/open?id=1qzBHvHoTUlR60sPstTlySDP46H8qXBGg,Unuseable,Wave 1
Gemini Unlocked: From AI App Prototypes to Smarter Living Spaces,https://drive.google.com/open?id=1wqVYJzgNVALyTGQJJzABSL2H-tXbVdX2,Unuseable,Wave 1
Gemini Galaxy: Unleashing Smart Home Wizards and Canvas Connoisseurs!,https://drive.google.com/open?id=1EbJoSQPtJOIePh0J-EB3H6OPw91wjkLu,Unuseable,Wave 1
"Unleash the Magic: Gemini Canvas, Smart Living, and Nano Banana Adventures",https://drive.google.com/open?id=1JNJKM5X53-50maMYhRQntodUPgp4jDbt,Unuseable,Wave 1
Gemini Genius: Unlocking Next-Gen Productivity and Creative AI Wonders,https://drive.google.com/open?id=1S08odVu38tSZPfFlZltdM4cGVkouEgyr,Unuseable,Wave 1
Unleashing the Magic: How Google Gemini Transforms My Daily Routine,https://drive.google.com/open?id=1iSEobFYirJWED_5vbSUozHyuQa9xupEk,Unuseable,Wave 1
From Doodles to Masterpieces: Transforming Art with Gemini Canvas,https://drive.google.com/open?id=1U8msLNgyOoP9AbGGij63HCm856rzqmLI,Unuseable,Wave 1
Transform Your Space with Gemini: Nano Banana and Smart Home Hacks,https://drive.google.com/open?id=116NWRPK0n9QeJ1_gEnANj9dTlfictjmq,Unuseable,Wave 1
Gemini Unlocked: Exploring Interactive Canvas and Smart Home Tech,https://drive.google.com/open?id=1ine7mo8F1-caatFz2bH6gmbyOIR3QssL,Unuseable,Wave 1
Unlocking Creativity: How Google Gemini Transforms Daily Tasks into Masterpieces,https://drive.google.com/open?id=1_bEtG1sd65bHv9OrPDQdGi0PxQZvHQxR,Unuseable,Wave 1
Gemini Masterclass: From Nano Banana Realness to Ultimate Home Decor Hacks,https://drive.google.com/open?id=1JXr2pQnOz8VaqkjywflzbEfyy1uMeZCr,Unuseable,Wave 1
Mastering the Canvas: How Google Gemini Sparked My Ultimate Home Decor Makeover,https://drive.google.com/open?id=1Q9WaKFB3Vylby_d1J_D830PBe4yeMl6i,Unuseable,Wave 1
Gemini Brilliance: Revolutionizing Daily Routines with Smart Canvas Innovation,https://drive.google.com/open?id=12SCQyNQQzQr-px5igcPhZ8LXrbwSHBnO,Unuseable,Wave 1
Gemini Magic: Designing Dream Homes with Gemini Canvas,https://drive.google.com/open?id=1XmxfwBgGP7PjlWwfcOLfNIosxy_be7wV,Unuseable,Wave 1
Gemini Vibe Coding: Crafting App Wireframes and Digital Decor From Napkin Sketches,https://drive.google.com/open?id=1Y7h3u790oyqshONgBAW2sHUgj2uaxJjn,Unuseable,Wave 1
Gemini Canvas Chronicles: Nano Banana Art and Next-Gen Home Decor Masterpieces,https://drive.google.com/open?id=1Zfvp8v6nHYWC6RAiwvtglYyT2Zl6kIu3,Unuseable,Wave 1
"Gemini in the Wild: Smarter Living, Creative Coding, and Everything in Between!",https://drive.google.com/open?id=1xX3_f2jjLDpg3AjTVPsq0PKZ2nNOHeQY,Unuseable,Wave 1
Gemini Masterclass: From Sketch to Reality with Canvas and Nano Banana,https://drive.google.com/open?id=1mKeqrP21EmVHvQVD4kFEeC4R4uvFerXz,Unuseable,Wave 1
Gemini Unleashed: Crafting Masterpieces from Home Hacks to Canvas Creations,https://drive.google.com/open?id=1VolTdKQxlRgMO46Pqy_iyw3f1Hhe7q1u,Unuseable,Wave 1
Gemini's Corkboard Wonders: Vibe Coding Your Next Great Idea!,https://drive.google.com/open?id=1rDd4Z1M_fxTS9tvH1B6hD8SG0lMxg5ml,Runner Up,Wave 2
Unlocking Creativity with Gemini Canvas: Tech Hacks and Home Decor Magic,https://drive.google.com/open?id=1jllIYpiA1Ly-VQ0ovVMMbK9wPcWJKhpK,Runner Up,Wave 2
Unlocking Creativity: Gemini Canvas Magic from Home Decor to AI Masterpieces,https://drive.google.com/open?id=1YLz5ht7MSqkNokaCpySUe545dIOF9_Bb,Runner Up,Wave 2
Gemini Spark: From Smart Kitchen Creations to Instant Travel Itineraries,https://drive.google.com/open?id=1JCxEh2ywdqaNoazZp4JdzJuCHAcY9dmA,Runner Up,Wave 2
Gemini Canvas Unleashed: From Doodles to Working Apps with Nano Banana!,https://drive.google.com/open?id=1x07g7PlzyCGk_eu_AFodw1gdzQuTQduD,Runner Up,Wave 2
"Unlocking Creativity: Nano Bananas, Home Decor, and the Magic of Gemini Canvas",https://drive.google.com/open?id=1eaRtcSOYaFvLWpjhWAXNDggI0HoUSBkX,Runner Up,Wave 2
"Unlocking AI Magic: Gemini Canvas, Smart Home Hacks, and Everything in Between",https://drive.google.com/open?id=1RFugCmwfpIYwOr7zut4uz5i_QmO7ixyT,Runner Up,Wave 2
Unleashing the Magic: How Google Gemini Rewrites the Rules of Everyday Creativity,https://drive.google.com/open?id=1XZhJFVsPDuHBRbc25ivk8kDWVrbroidQ,Runner Up,Wave 2
Gemini Unleashed: From Nano Bananas to Mastering the Creative Canvas,https://drive.google.com/open?id=1VGgwbRnIq05t8kejbpBGUGg5K4iWeeHi,Runner Up,Wave 2
"Gemini Unlocked: Creative Canvas, Code Magic, and Home Hacks",https://drive.google.com/open?id=1by86alefJ6yr0JpJveAq1ttubPVt2fy4,Runner Up,Wave 2
Gemini Magic: From Smart Home Hacks to Creative Canvas Masterpieces,https://drive.google.com/open?id=1Wo3XbRJaGEHKLkMUAN8Fjka3fqQJ60BG,Runner Up,Wave 2
"Gemini Unleashed: Coding, Cooking, and Creative Chaos!",https://drive.google.com/open?id=1JuiYTwJ6aKaAHkYEqh-ZQx1slP889BPp,Runner Up,Wave 2
Vibe Coding Extravaganza: Crafting Interactive Apps with Gemini Canvas!,https://drive.google.com/open?id=1Gy0wZN-n4KpzdA_zgR4pOtDx_WxoVXSj,Runner Up,Wave 2
Unleashing Gemini: How I Turned My Messy Kitchen into a Smart Oasis,https://drive.google.com/open?id=1VX6LSmMbtPMtV1jr_PKP29VpxQU1d0ha,Runner Up,Wave 2
Gemini Canvas: Transforming Home Decor with AI Brilliance,https://drive.google.com/open?id=1SFBlJMA8WcF_o1wSrRZBAqmlBeE7JCRX,Runner Up,Wave 2
Gemini AI: Turning Rough Sketches into Digital Reality with Canvas,https://drive.google.com/open?id=1WlKOor50Pa8eEMq2JdUSsilRQgJYYO8P,Runner Up,Wave 2
From Sketch to App: How Gemini Canvas Brings Your Creative Ideas to Life,https://drive.google.com/open?id=1Z0kr0pzXlJAOzW-ty8kJdlMFY8FVA61B,Runner Up,Wave 2
Unlocking the Future: Smart Living and Creative Magic with Google Gemini,https://drive.google.com/open?id=1_7Z0rurzH7uuJMlZ4BU3PbVLaZln8ySZ,Microphone Off,Wave 2
Gemini Canvas Unlocked: Smart Home Secrets and Creative Masterpieces,https://drive.google.com/open?id=1318HU8kWkJanx3u-VvkixXaOB2I94dx0,Flagged,Wave 2
Unlocking Creativity: Gemini Canvas and the Art of Everyday Innovation,https://drive.google.com/open?id=132HVaunVpeKuyq1O86lVNFy2KGSSKeNb,Flagged,Wave 2
From Napkins to Apps: Unleashing the Magic of Gemini Canvas,https://drive.google.com/open?id=15CFuBhpIzoT6ShZMLAAnN4EvQ1CS3FlH,Approved,Wave 2
Unleashing Gemini: From Coding Assistance to Gourmet Recipe Hacks,https://drive.google.com/open?id=1j2-pYiaDMsBpK0VQTAH31DzZEet8wrS5,Approved,Wave 2
Unleashing Gemini: From Smart Kitchen Recipes to Next-Level Coding Mastery,https://drive.google.com/open?id=1UMa6U3kRXE6yuvaPtiDkkXh8ndKjZr3I,Approved,Wave 2
"Unlocking the Power of Gemini: Smart Alarms, Nano Bananas, and Instant Math Help!",https://drive.google.com/open?id=1eY9D17-RSyHfNCMFVlN9IP3Ig8XzzVKU,Approved,Wave 2
Gemini Chronicles: Unleashing AI Creativity from Canvas to Code,https://drive.google.com/open?id=1xz-GGde31lE0Uhjmk4h87PsDTQq8XdZX,Approved,Wave 2
Gemini Spark: Reimagining Home Decor and Unleashing Your Creative Canvas,https://drive.google.com/open?id=1CyhkL4cHepKXH6eF0weqywXNYs9ofbn3,Approved,Wave 2
Unleashing Google Gemini: From Coding Magic to Backyard Astro-Photography!,https://drive.google.com/open?id=1nW83t0xlR4adYtOJCF3I7Jxe36jHbqWD,Approved,Wave 2
Unlocking Creativity: How Gemini Transformed My Daily Routine from Chaos to Canvas,https://drive.google.com/open?id=15cVsEutiLFMRM-v9k2G4zfAKSw7nZa-7,Approved,Wave 2
Unleashing Gemini: How AI Transformed My Daily Routine and Home Decor,https://drive.google.com/open?id=1ck6vvwNxiQ7MbDZYdL3erVx1XyCU97Th,Approved,Wave 3
Mastering the Mind: How Google Gemini Rewrote My Daily Routine,https://drive.google.com/open?id=1U8xMkFOguuPvk7L2b000TFzLaLAYbfwx,Approved,Wave 3
"Gemini Unleashed: Nano Bananas, Smart Closets, and My Daily Grind",https://drive.google.com/open?id=1tb6BlHeHU0pRxdQnzTv7HpZxtWT2ftry,Approved,Wave 3
"Gemini Unleashed: Code, Cooking, and Everything in Between",https://drive.google.com/open?id=1QIbu06lPE_7XWt3y1BQ1dma5OTHv60C5,Approved,Wave 3
"Gemini Unleashed: Nano Bananas, Smart Homes, and Creative Canvas Magic",https://drive.google.com/open?id=1YQmw0x-fKhxncdlY9Mt-aHzYu5MrJGXX,Approved,Wave 3
Unlocking Creative Frontiers: How Google Gemini Transforms Everyday Coding into Art,https://drive.google.com/open?id=1CgUep1ZC1jv14eK_NIoYsuhQ85cprglJ,Approved,Wave 3
Unleashing the Magic: How Google Gemini Rewrote My Daily Routine,https://drive.google.com/open?id=1FVaMjMwiF6l6L6BfotpkaRERlJF2Y4NO,Approved,Wave 3
Unleashing Gemini Canvas: From Blank Slate to Interactive Web App Magic,https://drive.google.com/open?id=1qBNHic1OQ2ozPt8qCgbpXUXnR1Fn_Z9w,Approved,Wave 3
"Gemini Canvas Chronicles: Nano Bananas, Smart Homes, and Creative Magic",https://drive.google.com/open?id=1ng5vxePClDHP23jDLpJKonJ35C9t_qhz,Approved,Wave 3
Gemini Canvas Chronicles: Turning Sketches into Real-Life Masterpieces!,https://drive.google.com/open?id=1C4c5xilDEYP264JZdmwGYLNYoS8C7Ap9,Approved,Wave 3
Gemini Canvas Chronicles: Nano Banana Artistry and Beyond,https://drive.google.com/open?id=17kTq1tYTraDcbPf8-koHVxwoUy1wfDR6,Approved,Wave 3
Unlocking Tomorrow: From Coding in Bed to Gemini's AI Art Revolution,https://drive.google.com/open?id=12ExuAk_gAvTs4kt3UzPwCgJnT3xTxFnR,Approved,Wave 3
Gemini Unleashed: From Nano Bananas to Smart Home Domination,https://drive.google.com/open?id=1BbuwH0VYB1icIb9jRLG9fB3CD1uxXUzm,Approved,Wave 3
Gemini Magic: Unleashing the Power of AI from Home Decor to Creative Canvas Creations,https://drive.google.com/open?id=14Bnz6gzpktpCxWNUd_W6aJMfgfJrqVcl,Approved,Wave 3
Gemini Unleashed: Smart Home Sorcery and Canvas Creations,https://drive.google.com/open?id=10WHGDkNnBXhTR_at9YY8qgYOkL7Ii7hw,Approved,Wave 3
Unleashing Gemini: From Coding Assistant to Culinary Co-Pilot,https://drive.google.com/open?id=1ZU2N02o3Waxz0YIBYK_K0IgxA8YSlZox,Approved,Wave 3
Gemini Genius: Elevating Everyday Ideas into Creative AI Masterpieces,https://drive.google.com/open?id=1nf_6DOU9_0X00mn3jxDneT-ZPhF4Yr0p,Approved,Wave 3
Gemini Unleashed: From Smart Home Magic to Creative Canvas Masterpieces,https://drive.google.com/open?id=1ru5dhWK2hlZe4iTtyFZXTwmgzu3Vt6Y2,Approved,Wave 3
Unlocking Creativity: Gemini Canvas and the Art of the Everyday Magic,https://drive.google.com/open?id=1Dz3ZN3sJyMlJYc1abflN6C1-aNSgsPfC,Approved,Wave 3
Unlocking the Future: Google Gemini Redefines Everyday Magic from Code to Canvas,https://drive.google.com/open?id=1idsxLbSntj-XoZja08_D21bs7DUu5-p6,Approved,Wave 3
Gemini Spark: Unlocking Next-Gen Coding and Culinary Masterpieces,https://drive.google.com/open?id=1geU8qxqCPwYUUSxqonxwGzyWh34r16xK,Approved,Wave 3
Gemini Wonders: From Kitchen Hacks to Digital Art Masterpieces,https://drive.google.com/open?id=1HK67ujK9m3VzTx-YxJgwaRuHLdeAzXIB,Approved,Wave 3
Unleashing Gemini Canvas: From Smart Home Hacks to AI Masterpieces,https://drive.google.com/open?id=1a15-KaIYaWXFCYdiCjgkaqF5v7SGU1yT,Approved,Wave 3
Gemini Unleashed: Elevating Everyday Creativity with Canvas and Smart Tech,https://drive.google.com/open?id=14vi0gWv3oxWUYIcayowMBiZtOQZ5f7lg,Approved,Wave 3
Unleashing Gemini: From Coding Assistant to Culinary Creative Mastermind,https://drive.google.com/open?id=1retz-2jjgVMpWTgwu4BIpT6HGDkTSfpu,Approved,Wave 3
Gemini Canvas Chronicles: Nano Bananas & Cozy Corners,https://drive.google.com/open?id=1V-f5nCNwHDMWGavNWuZWOLzAE0bFXn9c,Approved,Wave 3
Gemini Canvas Chronicles: Nano Bananas to Dream Decor!,https://drive.google.com/open?id=1x1ETVQW37Jr_uUYC_QlESWOjojcKXRNZ,Approved,Wave 3
Gemini Nano Banana: Turn Simple Doodles into Masterpiece AI Art in Seconds!,https://drive.google.com/open?id=1CRYi0zOhcTeejlKFpz6QN71rrOcA6azq,Approved,Wave 3
Unleashing Gemini: From Canvas Doodles to Ultimate Coding Shortcuts,https://drive.google.com/open?id=1FGp-A1TP9uun1E-HwWBuhi6rkVliEvC_,Approved,Wave 3
Unleash the Magic: How Gemini Transformed My Daily Routine from Chaos to Creative Masterpiece!,https://drive.google.com/open?id=1hbR82eGBl_8v5rb8-BqM432n7TilfGHQ,Approved,Wave 3
Gemini Unleashed: Nano Banana Beats and Creative Canvas Vibes,https://drive.google.com/open?id=1wLpJukpSbd28QEZjZJ3x5KPGkoI4N3c0,Approved,Wave 4
Gemini Canvas Unlocked: Smart AI Meets Creative Design Artistry,https://drive.google.com/open?id=1P860TAR9K0VDso2hXlVzxPZtTbmr2vTl,Approved,Wave 4
Gemini Canvas and Smart Spaces: Reimagining Home Decor with Personal Intelligence,https://drive.google.com/open?id=1du_zq2XR_9cPjSb_rPAeSFvN8Ou4IbXy,Approved,Wave 4
Unlocking Innovation: From Gemini Canvas Sketches to Smart Home Wonders,https://drive.google.com/open?id=1VN-0xqh1nWRnA0W4xmUZS4VMdCqDBIjP,Approved,Wave 4
Gemini Unleashed: Crafting Tomorrow's Masterpieces from Home Hacks to Canvas Art,https://drive.google.com/open?id=1dnUpoNu2RgW4mPZUavE78GxPiQ-orVJa,Approved,Wave 4
Unleashing Gemini: How I Transformed My Daily Routine with AI Magic,https://drive.google.com/open?id=180v_EaFknV79NJK60XeFJwaNrFJtK3B3,Approved,Wave 4
Gemini Unlocked: Creative Masterpieces and Smart Hacks At Your Fingertips,https://drive.google.com/open?id=1X_yvpYNwK56vUBWyRNplcO_TNOMdiovL,Approved,Wave 4
Unlocking the Future: Google Gemini Redefines Everyday Creativity,https://drive.google.com/open?id=155kClB63qmSbuDqqws-OST3KQmWkAIW4,Approved,Wave 4
Unleashing Gemini: From Grocery Lists to Galactic Blueprints,https://drive.google.com/open?id=1-Z1j69toJPsCNZgqYfMhEhzBngBZlEQb,Approved,Wave 4
Gemini Unleashed: From Nano Banana Art to Smart Home Revolution,https://drive.google.com/open?id=1LYCGnRSEBik3KaDjlOW4nBIt7cjjzztg,Approved,Wave 4
Gemini Genius: Unlocking AI Canvas Magic and Next-Gen Smart Home Hacks,https://drive.google.com/open?id=17mJgMMvq4RDUNg0R3l_hUpYhfAIUSpM5,Approved,Wave 4
Gemini Genius: Unlocking AI Innovation from Daily Doodles to Masterful Designs,https://drive.google.com/open?id=1-vQEOQ6bdHNSC1mziwWd7qIq3v13XWKc,Approved,Wave 4
Unleashing Gemini: From Smart Home Hacks to AI Masterpieces,https://drive.google.com/open?id=1V48eryPODtyp1LfkvyW6oakVXUw8DKdD,Approved,Wave 4
Gemini Galaxy: Coding with Space Bananas and Smart Kitchen Wizards,https://drive.google.com/open?id=1pxGS-wF3crKq7qInJSaxrx1sawkXlOlm,Approved,Wave 4
Gemini Genius: Unlocking Creative Canvas and Smart Home Mastery,https://drive.google.com/open?id=1dQ7EloWJ6m_6bNkTX03safSIXX9iOxDR,Approved,Wave 4
Gemini Canvas Chronicles: Nano Banana's Guide to Smart Living,https://drive.google.com/open?id=1R1jd6ROHuXgrd1uL_wLPzgjBw4Jq4Y-L,Approved,Wave 4
Gemini Unleashed: From Nano Bananas to Epic Living Room Makeovers,https://drive.google.com/open?id=1qQods8rKkX-uAv1yHDy5Kt13j9S9mzy7,Approved,Wave 4
Gemini Groceries & Canvas Creators: From Nano Bananas to Living Room Revamps!,https://drive.google.com/open?id=1xt0pEoSHZGAtZMPcNhLxO1ES001CZ_q6,Approved,Wave 4
Gemini Canvas and Beyond: Cooking Up Codes and Crafting Masterpieces,https://drive.google.com/open?id=1VWai2P1S2ueURvd3m-yxnUyax7eLgN9J,Approved,Wave 4
Gemini Spark: Unlocking Creative Magic in Everyday Routines,https://drive.google.com/open?id=14oBCg8Tcy-CRbN9Kp4SFPr19aVDHPiwd,Approved,Wave 4
Unlocking Gemini: From Vibe Coding to Mind-Blowing Audio Overviews,https://drive.google.com/open?id=1YSQAr2BCPXBSB9Er5KFXfx_rUMsWpWAJ,Approved,Wave 4
Unlocking the Future: How Google Gemini Remade My Workspace and Reimagined Creativity!,https://drive.google.com/open?id=1yex_GRwom3D4h12tU4YhMUpcFgdgiTS9,Approved,Wave 4
Unleashing Gemini Nano: The Pocket AI Revolutionizing My Home Decor!,https://drive.google.com/open?id=1wIXWLOobWuspV_Y5xjQN83QwwUhz9eL0,Approved,Wave 4
Unlocking the Future: Google Gemini Redefines Everyday Magic!,https://drive.google.com/open?id=1GoiJ-0CgHlfHV-d2q0-Tz-QAAP2-T6WT,Approved,Wave 4
Gemini Unlocked: From Nano Banana to Smart Home Superpowers,https://drive.google.com/open?id=1oggyUZmfkY0Ly3zfoFtDXMYIAgCxpZR7,Approved,Wave 4
Unleashing Gemini: From Smart Home Magic to Creative Canvas Masterpieces,https://drive.google.com/open?id=1rYdJMn0bhwEfLRRNAfCYvZxwSD3RbTjq,Approved,Wave 4
Gemini Unleashed: Crafting Tomorrow's Masterpieces from Code to Canvas,https://drive.google.com/open?id=1ARpN2Er8cQtIsKUKarowxrc8Ldo8H3TJ,Approved,Wave 4
Gemini Canvas: From Rough Sketches to Real Life Masterpieces,https://drive.google.com/open?id=1e-w1Bvwtxk8G24iboFbDmuSazWahzvaV,Approved,Wave 4
Unlocking Creativity: Exploring Google Gemini's Canvas Magic,https://drive.google.com/open?id=1efZBrv4WEYBlD7LgoM2rTTskvezCADGs,Approved,Wave 4
Gemini Unleashed: Crafting Smart Kitchen Hacks and Pixel Masterpieces,https://drive.google.com/open?id=14wj_TeRhym6xHcnAWls9nGHUolRvNib5,Approved,Wave 4
Unlocking Creativity: Gemini Canvas Transforms Home Decor with Nano Banana!,https://drive.google.com/open?id=1SQf6jZZmXO4cVrBzveflAuNQQNcD6ekP,Approved,Wave 5
Unleash the Spark: Rewriting the Rules of Creation with Google Gemini,https://drive.google.com/open?id=1GzzxPxkeK8zmaNR6QwZKg-FIdYNCmgEW,Approved,Wave 5
Unleashing Gemini: How AI Reimagined My Workspace and Beyond,https://drive.google.com/open?id=1JD9JlujrfK2XSmTLBbSkXMZ-7YQn1Ljz,Approved,Wave 5
Gemini Unleashed: Mastering the Creative Canvas from Home Decor to Tech Hacks,https://drive.google.com/open?id=1tnEvVLsOHFL2R8BwyN5gpItasq6rPAc7,Approved,Wave 5
Unleashing Gemini: From Smart Home Hacks to AI-Powered Masterpieces,https://drive.google.com/open?id=1WJh4vrmkgWLnqtsYemxED6S40S_E-1Pf,Approved,Wave 5
"Unlocking Tomorrow: Coding, Cooking, and Creating with Google Gemini",https://drive.google.com/open?id=1qBSX8RJgLAWhcst5bULlxeT06UN8wVSa,Approved,Wave 5
Gemini Unleashed: From Nano Bananas to Mastering the Creative Canvas,https://drive.google.com/open?id=1fgeNj9gYhp97gw2CDeFp816EIroOauW8,Approved,Wave 5
Gemini Unlocked: From Coding Shortcuts to Pantry Organization Masterpieces,https://drive.google.com/open?id=1N5xRbaXO1o3zWxTybkUXDgTXQeQ35egc,Approved,Wave 5
Gemini Genius: From Code Cracking to Creative Canvas Wonders,https://drive.google.com/open?id=1j1fM11J0X19HyuwII9Z5-cMiLlY44kaQ,Approved,Wave 5
Gemini Genius: Upgrading My Workspace and Coding a Mini-Game!,https://drive.google.com/open?id=1Jaj2P022uZoDnKxiNKCnxV8CAoHJXoQR,Approved,Wave 5
Gemini Unlocked: Cooking Up Masterpieces and Smart Home Magic in Seconds,https://drive.google.com/open?id=1YxhMqXLQf6ozxtNUdWwBS-Sb4B8uiqcs,Approved,Wave 5
Gemini Unleashed: Smart Canvas Hacks and AI Masterpieces,https://drive.google.com/open?id=1tKW_SwhCX7E0TlbffPTH-vmtMwZCY-v7,Approved,Wave 5
Gemini Unleashed: From Nano Banana Art to Smart Home Mastery,https://drive.google.com/open?id=1WKb4tEDcoReYmDtb-Atycwft2i0IMmjn,Approved,Wave 5
Unlocking Creativity with Gemini Canvas: Nano Banana Experiments and Tech-Infused Home Decor!,https://drive.google.com/open?id=1xiuCmfzg-vOSN89prr8SYQ3kvWI2qdWg,Approved,Wave 5
Gemini in the Garden: From Nano Banana to Smart Home Paradise,https://drive.google.com/open?id=1Q0lHqQefVcyUWLfYuSeJXnTBC8IrCHoP,Approved,Wave 5
Gemini Blueprint: Transforming Daily Workflows From Terminal to Superpower,https://drive.google.com/open?id=1AH0TbyzWDmUmrHk14CJ0hXMERXcxMghZ,Approved,Wave 5
Gemini Genius: Unlocking Ultimate Workflows and Hidden Hacks!,https://drive.google.com/open?id=15Txp2YcF3C6uQX7omypjNr5xpCfFeX9K,Approved,Wave 5
"Gemini Unleashed: Nano Bananas, Canvas Art, and Smart Home Magic",https://drive.google.com/open?id=1rWhQ-mjXjx7QxdRsvVHgR6_24jl6wcmJ,Approved,Wave 5
Gemini Genius: From Closet Organization to Cosmic Art Masterpieces,https://drive.google.com/open?id=1HdQGCECO_uCGaEljAlYML3ebVm-dm8XV,Approved,Wave 5
Gemini Wonders: From Pixel Painting to Backyard Astronomy Made Simple,https://drive.google.com/open?id=1nuK4ltK9Q2mzT2jEpTc_OnLLmQUPNlod,Approved,Wave 5
Unleashing Gemini: From Nano Banana to Ultimate Home Decor Hacks,https://drive.google.com/open?id=1_Oc6rKR3r6_9VMGunkni3z2BkKFlUr4j,Approved,Wave 5
Gemini Genius: Crafting Smart Kitchen Hacks and Pixel Perfect Masterpieces,https://drive.google.com/open?id=1ujOVtyhEUsDW-QnNBNgC7GGR4BER5XN7,Approved,Wave 5
Unlocking Gemini: From Smart Kitchen Hacks to AI Canvas Masterpieces,https://drive.google.com/open?id=1277EJewcvwbKEr9FYI9SOvItOLAWmO3b,Approved,Wave 5
Unleashing Gemini: How AI Transformed My Daily Routine from Chaos to Creative Masterpiece,https://drive.google.com/open?id=1YMRDzXcA_DV0cmP5PnetR608Hd6SpoE0,Approved,Wave 5
Gemini Chronicles: From Cooking Crises to Coding Triumphs,https://drive.google.com/open?id=1yl6q0Nxmiv57Pky72NWEaT6JsoLG0o-a,Approved,Wave 5
Gemini Unlocked: From Nano Bananas to Smart Home Mastery,https://drive.google.com/open?id=1JBsky3DSRLQ2B_lWNhZkJ7qqgxv37TwS,Approved,Wave 5
Unleashing Gemini: From Backyard Barbecues to Quantum Coding Masterpieces,https://drive.google.com/open?id=1IhjELIm2151uMXQa-m5TxypgeBmxbRXS,Approved,Wave 5
Gemini Unleashed: From Nano Bananas to Smart Home Masterpieces,https://drive.google.com/open?id=1-N9lm11uXZ--sAVDfPD_h_ApT-ARDd69,Approved,Wave 5
Unlocking Creativity: From Meal Prep to Masterpieces with Gemini Canvas,https://drive.google.com/open?id=13BD8AF0eRf5i-GVztvWiYUZ3gvWKPd7z,Approved,Wave 5
Unlocking Gemini Magic: From Nano Banana to Ultimate Home Decor Hacks,https://drive.google.com/open?id=18wb8kDRign15YQej_oyd9CUcuam45h-y,Approved,Wave 5
Unleashing Gemini: How It Redefined My Creative Side,https://drive.google.com/open?id=1l4U2ZytMBSqWEj1qm4MDQROGnqDaFB_C,Approved,Wave 5
Unleashing the Magic: Testing Gemini's Wildest Creative and Smart Home Hacks!,https://drive.google.com/open?id=15k-BbOwEd_DjxbKtfawVUCwyCOYGyfMp,Approved,Wave 5
Unleashing Gemini: How I Transformed My Daily Routine with Google's AI Assistant,https://drive.google.com/open?id=1aqAP2gjya99ozj6ofAzFal7zjoH1Nc1U,Approved,Wave 5
Gemini Genius: From Chaos to Creativity with Your New AI Assistant,https://drive.google.com/open?id=1UGo5Px18gFtJN8v6g1ZZlOxEpYT23Skd,Approved,Wave 5
Gemini Marvels: Interactive App Coding and Creative Canvas Masterpieces,https://drive.google.com/open?id=1s7C3foWr3Pyz9NSs36Td7hlG2w-RbeGI,Approved,Wave 5
Unlocking the Future: How Google Gemini Transforms Daily Tech and Creative Artistry,https://drive.google.com/open?id=10i1Lvvi5FLkGSBa1jEA3SzI-morsSL7_,Approved,Wave 5
Gemini Canvas Chronicles: Unleashing AI Magic from Smart Homes to Creative Masterpieces,https://drive.google.com/open?id=11tf10hvR-Md2Nf0ubpA0foBe8XbR1ZP5,Approved,Wave 5
Gemini Unlocked: From Smart Home Hacks to Creative Canvas Masterpieces,https://drive.google.com/open?id=1VOppAUChSPV4_qYH3SmLSV-tN6V62oVe,Approved,Wave 5
Mastering the Everyday with Google Gemini: Smart Home Hacks and Beyond,https://drive.google.com/open?id=1e2oNCWK4RJztaURLEGHqt7u9pvOMqbhw,Approved,Wave 5
Gemini Canvas: From Napkin Doodles to Live Working Apps,https://drive.google.com/open?id=1UyBlDicU7VVsUMUxgLWIauPeS6VuYK9O,Approved,Wave 5
Unlocking the Future: Creating Viral Masterpieces with Gemini Canvas and Beyond!,https://drive.google.com/open?id=18fwCTyPO3bX33uPv4Zk6bg-gRqptEAlK,Approved,Wave 5
Gemini Unleashed: From Nano Bananas to Smart Home Magic,https://drive.google.com/open?id=16r4r_3JVBfKuc75tTslsLEsqDGgHdGZ7,Approved,Wave 5